Dataset,Instances,Features,Min_y,Max_y,Mean_y,Median_y,P10_y,P90_y,Rares,Perc_Rares
lungcancer,442,24,0.0025,17.0,4.3836915535444945,3.91666666666667,0.8491666666666671,8.163333333333338,90,20.361990950226243
mortgage,1049,15,3.02,17.15,7.54393708293613,6.71,4.222000000000001,12.240000000000002,210,20.019065776930407
fuel,1764,37,2.7,17.3,7.075283446712017,6.9,5.1,9.270000000000005,375,21.258503401360542
